{"accuracy": [0.4122525751590729, 0.6435180306434631, 0.7320948243141174, 0.7635740637779236, 0.8019462823867798, 0.8351948261260986, 0.847616970539093], "loss": [1.714998483657837, 1.004997730255127, 0.7540180683135986, 0.6842745542526245, 0.5562671422958374, 0.46792569756507874, 0.4507460296154022], "val_accuracy": [0.5916911959648132, 0.7389551997184753, 0.763912558555603, 0.8028212785720825, 0.8150674104690552, 0.824833333492279, 0.8283987045288086], "val_loss": [1.15206778049469, 0.7265662550926208, 0.6954920887947083, 0.5649904012680054, 0.5237105488777161, 0.5170651078224182, 0.4957851469516754]}